SKU;Nome do Produto;Link Gigil (Mercado Livre);Link Lumiss (Mercado Livre)
17901319534;Bota Preta Capa Feminina Cano Alto Salto Alto Bloco Bico Fino;;
10300400934;Bota Montaria Over The Knee com Camurça Stretch Preta;;
17901371134;Bota Capa Marrom Feminina Cano Alto Salto Alto Bloco Bico Fino;;
12700719534;Bota Feminina Texana Western Cano Alto Bordada Bico Fino Preta;;
12201819734;Bota Feminina Slouchy Bico Fino Salto Bloco Elegante Off White;;
23700271034;Bota Preta Feminina Cano Curto Salto Vazado Cromado;;
12201819534;Bota Feminina Slouchy Bico Fino Salto Bloco Elegante Preto;;
17901871034;Bota Social Feminina Preta Cano Curto Salto Alto Bloco Bico Fino;;
17900531834;Bota Feminina Cano Alto Longo Animal Print Salto Alto Grosso Preta;;
17901871134;Bota Social Feminina Marrom Cano Curto Salto Alto Bloco Bico Fino;;
17901771134;Bota Social Feminina Marrom Cano Alto Bico Fino Salto Alto Bloco;;
22500219534;Bota Biker Feminina Preta Cano Alto Tratorada Com Fivelas Tendência;;
12701219534;Bota Texana Feminina Western Cano Alto Bordada Bico Fino Preta;;
11800503334;Sapatilha Feminina Bico Fino Animal Print Elegante Confortável Dourado;;
17900471034;Bota Feminina Cano Curto Bico Fino Salto Grosso Confortável Preta;;
17900100934;Bota Over The Knee Stretch Bico Fino Salto Grosso Alto Preto Camurça;;
12200300934;Bota Salto Grosso Over The Knee Camurça e Sintético Stretch Preto;;
17901319734;Bota Off White Capa Feminina Cano Alto Salto Alto Bloco Bico Fino;;
17901771034;Bota Social Feminina Preta Cano Alto Bico Fino Salto Alto Bloco;;
17900471134;Bota Feminina Cano Curto Bico Fino Salto Grosso Confortável Marrom;;
22500119534;Bota Feminina Biker Cano Médio Tratorada Com Fivelas Tendência Preta;;
17900119734;Bota Over The Knee Stretch Bico Fino Salto Grosso Alto Off White;;
17900531934;Bota Feminina Cano Alto Longo Animal Print Salto Alto Grosso Off White;;
12701219734;Bota Texana Feminina Western Cano Alto Bordada Bico Fino Off White;;
20501615728;Bota Coturno Feminina Infantil Tratorado Menina Fashion Rosa;;
12700719734;Bota Feminina Texana Western Cano Alto Bordada Bico Fino Off White;;
17900765134;Bota Feminina Cano Médio Bico Fino Tira De Strass Elegante Preto;;
23700350134;Bota Cano Curto Salto Fino Baixo Kitten Heel Metalizado Bico Fino Preta;;
15519100928;Tênis Feminino Infantil Menina Fashion Cano Alto Glitter Preto;;
12002917534;Scarpin Feminino Slingback Bico Fino Metalizado Salto Fino Elegante Preto;;
13500319834;Scarpin Salto Baixo Verniz Bico Fino17900117534Bota Over The Knee Stretch Bico Fino Salto Grosso Alto Preto Verniz;;
20501600928;Bota Coturno Feminina Infantil Tratorado Menina Fashion Preto;;
13500338334;Scarpin Salto Baixo Verniz Bico Fino17900719734Bota Feminina Cano Médio Bico Fino Tira De Strass Elegante Off White;;
12200400934;Bota Salto Grosso Over The Knee Sintético Napa Stretch Preta;;
13500300134;Scarpin Salto Baixo Verniz Bico Fino18600117534Sandália Feminina Mary Jane Salto Bloco Com Tira Calcanhar Preta;;
17900119534;Bota Over The Knee Stretch Bico Fino Salto Grosso Alto Napa Preto;;
20900100934;Coturno Feminino Tratorado Com Bolsinha Na Lateral Preto;;
23700219734;Bota Off White Feminina Cano Curto Salto Vazado Cromado;;
11801119734;Sapatilha Feminina Bico Fino Em Verniz Tira Calcanhar Fivela Off White;;
saquinho;Bag Shoes Domidona11800504134Sapatilha Feminina Bico Fino Animal Print Elegante Confortável Nude;;
23700319734;Bota Cano Curto Salto Fino Baixo Kitten Heel Metalizado Bico Fino Off White;;
16910120128;Tênis Infantil Menina Fashion Brilho Metalizado Casual Rosa;;
12002938334;Scarpin Feminino Slingback Bico Fino Metalizado Salto Fino Elegante Dourado;;
16902136828;Tênis Feminino Casual Colorido Refletivo Cano Medio Estiloso;;
17301138334;Sandália Feminina Salto Bloco Laço Com Textura Brilhante Moda Dourado;;
12002638334;Scarpin Feminino Bico Fino Salto Bloco Grosso Brilhante Luxo Dourado;;
12002817534;Scarpin Feminino Slingback Salto Alto Fino Tiras Com Fivelas Preto;;
16910103328;Tênis Infantil Menina Fashion Brilho Metalizado Casual Dourado;;
12002617234;Scarpin Feminino Bico Fino Salto Bloco Grosso Brilhante Luxo Preto;;
6805100928;Sandália salto infantil tiras laço Preto6808828528Sandália Feminina Infantil Saltinho Baixo Com Strass Confort Dourado;;
6805100128;Sandália salto infantil tiras laço Branco11800500934Sapatilha Feminina Bico Fino Animal Print Elegante Confortável Preto;;
15509500928;Tênis Menina Fashion Unicórnio Casual Infantil Botinha;;
18500375634;Tênis Cinza Feminino Domidona Estilo Streetwear Cano Baixo Casual;;
11604228634;Sandália Feminina Salto Fino Com Tira Em Strass Brilhante Prata;;
12003019534;Scarpin Feminino Bico Fino Metalizado Salto Alto Agulha Elegante Preto;;
11800603334;Sapatilha Feminina Bico Fino Detalhe Laço Elegante Da Moda Dourado;;
16200628634;Sandália Feminina Salto Bloco Confortável Tiras Elegantes Moda;;
18500301934;Tênis Caramelo Feminino Domidona Estilo Streetwear Cano Baixo Casual;;
12002600134;Scarpin Feminino Bico Fino Salto Bloco Grosso Brilhante Luxo Branco;;
17301128634;Sandália Feminina Salto Bloco Laço Com Textura Brilhante Moda Prata;;
14700612134;Sandália Salto Médio Grosso Tiras Cruzadas Feminina Domidona Off White;;
17301150134;Sandália Feminina Salto Bloco Laço Com Textura Brilhante Moda Preto;;
18500312134;Tênis Off White Feminino Domidona Estilo Streetwear Cano Baixo Casual;;
21800519534;Coturno Tratorado Feminino Chunky Com Correntes E Fivela Preto;;
16901119528;Tênis Casual Feminino Cano Médio Refletivo Recortes Confortável Preto;;
12202171134;Bota Marrom Feminina Domidona Cano Alto Salto Fino Taça Elegante;;
13500317234;Scarpin Salto Baixo Verniz Bico Fino16910100928Tênis Infantil Menina Fashion Brilho Metalizado Casual Preto;;
20900312134;Coturno Com Bolsinha Feminino Tratorado Cano Alto Off White;;
11801771034;Sapatilha Feminina Preta Slingback Bico Fino Laço ABS Metalizado;;
11604238334;Sandália Feminina Salto Fino Com Tira Em Strass Brilhante Dourada;;
11802072734;Sapatilha Preta Slingback Fivela Bico Fino Laço Delicado;;
11800600934;Sapatilha Feminina Bico Fino Detalhe Laço Elegante Da Moda Preto;;
16901219528;Tênis Feminino Infantil Cano Alto Conforto Casual Tira Strass Preto;;
13500328634;Scarpin Salto Baixo Verniz Bico Fino23900503334Tênis Domidona Dourado Feminino Street Urbano Cano Baixo Sola Alta;;
11801771134;Sapatilha Feminina Marrom Slingback Bico Fino Laço ABS Metalizado;;
14700601934;Sandália Salto Médio Grosso Tiras Cruzadas Feminina Domidona Caramelo;;
20900300934;Coturno Com Bolsinha Feminino Tratorado Cano Alto Preto;;
11603738334;Sandália Feminina Salto Grosso Tira Strass Espiral Mola Moda Dourada;;
11802072634;Sapatilha Bege Slingback Fivela Bico Fino Laço Delicado;;
16200628734;Sandália Feminina Salto Bloco Confortável Tiras Elegantes Moda Cobre;;
18800638334;Sapatilha Feminina Estilo Boneca ABS Metalizado Dourada;;
20410517528;Coturno Feminino Infantil Tratorado Verniz Com Laço De Strass Preto;;
12700728634;Bota Feminina Texana Western Cano Alto Bordada Bico Fino Prata;;
16200638334;Sandália Feminina Salto Bloco Confortável Tiras Elegantes Moda Dourado;;
19400328634;Sandália Salto Grosso Bloco Tiras Duplas De Strass20407417228Coturno Tratorado Infantil Cadarço Brilhante Menina Fashion;;
12002517234;Scarpin Salto Alto Bico Fino Elegante Confortável Preto;;
11801972634;Sapatilha Feminina Bege Bico Fino Laço Com ABS Oval Metalizado;;
15700100220;Tênis bebê unicórnio cano alto16400112134Tamanco Feminino Plataforma Tratorado Clog Madeira Confort Off White;;
12002619834;Scarpin Feminino Bico Fino Salto Bloco Grosso Brilhante Luxo Nude;;
25700638334;Rasteirinha Slingback Dourada Flat Pedrarias Brilho Bico Quadrado;;
16901119628;Tênis Casual Feminino Cano Médio Refletivo Recortes Confortável;;
16906369528;Tênis Infantil Preto Casual Menina Fashion Cano Alto18500300934Tênis Preto Feminino Domidona Estilo Streetwear Cano Baixo Casual;;
11605701934;Tamanco Caramelo de Dedo Domidona Tiras Finas de Strass Salto Médio Fino;;
11605871034;Sandália Feminina Preto Salto Alto Grosso Cromado Tiras Com Tachas;;
18800304134;Sapatilha Feminina Nude Slingback Bicolor Bico Quadrado;;
19500538334;Sandália Dourado Salto Alto Grosso Tiras Finas Com ABS Metalizado;;
23900500934;Tênis Domidona Preto Feminino Street Urbano Cano Baixo Sola Alta;;
10300419734;Bota Montaria Over The Knee com Camurça Stretch Off White;;
14700600934;Sandália Salto Médio Grosso Tiras Cruzadas Feminina Domidona Preto;;
16400100934;Tamanco Feminino Plataforma Tratorado Clog Madeira Confort Domidona Preto;;
20410554728;Coturno Feminino Infantil Tratorado Verniz Com Laço De Strass Rosa;;
18800619734;Sapatilha Feminina Estilo Boneca ABS Metalizado Off White;;
20503719528;Coturno Feminino Infantil Tratorado Menina Tira De Strass Preto;;
22200519528;Sandália Sapato Feminino Mary Jane Infantil Tratorado Com Strass;;
24800119734;Sandália Feminina Off White Salto Grosso Bloco Madeira Tira Com Tachas;;
11801971034;Sapatilha Feminina Preta Bico Fino Laço Com ABS Oval Metalizado;;
11801976334;Sapatilha Feminina Caramelo Bico Fino Laço Com ABS Oval Metalizado;;
12202171034;Bota Preta Feminina Domidona Cano Alto Salto Fino Taça Elegante;;
18600219534;Sandália Feminina Mary Jane Salto Bloco Grosso Bico Quadrado;;
20410919528;Coturno Feminino Infantil Tratorado Cadarço Bicolor Com Laço;;
16906369728;Tênis Infantil Branco Casual Menina Fashion Cano Alto;;
18800665134;Sapatilha Feminina Estilo Boneca ABS Metalizado Preta;;
19500519534;Sandália Preta Salto Alto Grosso Tiras Finas Com ABS Metalizado;;
24800119534;Sandália Feminina Preta Salto Grosso Bloco Madeira Tira Com Tachas;;
15700100120;Tênis bebê unicórnio cano alto10401600934Coturno Feminino Cano Curto Salto Médio Preto10900400134Sandália Feminina Rasteira Enfeite Laço 109.0410900400934Sandália Feminina Rasteira Enfeite Laço 109.0410900401234Sandália Feminina Rasteira Enfeite Laço 109.0410900404134Sandália Feminina Rasteira Enfeite Laço 109.0410900408934Sandália Feminina Rasteira Enfeite Laço 109.0411601700134Sandália Feminina Salto Grosso Domidona Verniz Casual Básico Branco;;
11601701234;Sandália Feminina Salto Grosso Domidona Verniz Casual Básico Vermelho;;
11601704134;Sandália Feminina Salto Grosso Domidona Verniz Casual Básico Nude;;
11601711834;Sandália Feminina Salto Grosso Domidona Verniz Casual Básico Azul Aqua;;
11601717234;Sandália Feminina Salto Grosso Domidona Verniz Casual Básico Preto Verniz;;
11603200334;Sandália Feminina Espiral Salto Fino Com Strass Brilho Domidona Pink;;
11603200934;Sandália Feminina Espiral Salto Fino Com Strass Brilho Domidona Preta;;
11603212134;Sandália Feminina Espiral Salto Fino Com Strass Brilho Domidona Off White;;
11603300934;Sandália Feminina Salto Fino Tiras Strass Laço Domidona Preta;;
11603303334;Sandália Feminina Salto Fino Tiras Strass Laço Domidona Dourada;;
11603312134;Sandália Feminina Salto Fino Tiras Strass Laço Domidona Off White;;
11603719534;Sandália Feminina Salto Grosso Tira Strass Espiral Mola Moda Preta;;
11603719734;Sandália Feminina Salto Grosso Tira Strass Espiral Mola Moda Off White;;
11603728634;Sandália Feminina Salto Grosso Tira Strass Espiral Mola Moda Prata;;
11603919534;Sandália Feminina Salto Alto Fino Calce Fácil Strass Preta;;
11603928634;Sandália Feminina Salto Alto Fino Calce Fácil Strass Prata;;
11603928734;Sandália Feminina Salto Alto Fino Calce Fácil Strass Cobre;;
11603938334;Sandália Feminina Salto Alto Fino Calce Fácil Strass Dourada;;
11604019734;Sandália Feminina Salto Alto Fino Confortável Tiras Elegante Off White;;
11604119534;Sandália Feminina Salto Fino Bico Quadrado Enfeite De Flor Preta;;
11604138334;Sandália Feminina Salto Fino Bico Quadrado Enfeite De Flor Dourada;;
11604219534;Sandália Feminina Salto Fino Com Tira Em Strass Brilhante Preta;;
11604219734;Sandália Feminina Salto Fino Com Tira Em Strass Brilhante Off White;;
11604319534;Sandália Feminina Salto Fino Bico Quadrado Tira Em Strass Com Laço Preta;;
11604319734;Sandália Feminina Salto Fino Bico Quadrado Tira Em Strass Com Laço Off White;;
11604419534;Sandália Feminina Tiras Triplas Cruzadas Com Strass e Salto Alto Fino Preta;;
11604419734;Sandália Feminina Tiras Triplas Strass Salto Alto Fino Off White;;
11604428634;Sandália Feminina Tiras Triplas Cruzadas Com Strass e Salto Alto Fino Prata;;
11604504134;Sandália Feminina Elegante Tira Única e Fechamento no Tornozelo Caramelo;;
11604519534;Sandália Feminina Elegante Tira Única e Fechamento no Tornozelo Preta;;
11604519734;Sandália Feminina Elegante Tira Única e Fechamento no Tornozelo;;
11604528634;Sandália Feminina Elegante Tira Única e Fechamento no Tornozelo Prata;;
11604538334;Sandália Feminina Elegante Tira Única e Fechamento no Tornozelo Dourado;;
11604565734;Sandália Feminina Elegante Tira Única e Fechamento no Tornozelo;;
11604619534;Sandália Feminina De Tira Lisa e Laço Charmoso no Tornozelo Preta;;
11604619734;Sandália Feminina De Tira Lisa e Laço Charmoso no Tornozelo Off White;;
11604665734;Sandália Feminina De Tira Lisa e Laço Charmoso no Tornozelo Rosa;;
11604719534;Sandália Feminina Salto Fino Tira Dupla e Bico Quadrado Preta;;
11604719734;Sandália Feminina Salto Fino Tira Dupla e Bico Quadrado Off White;;
11604738334;Sandália Feminina Salto Fino Tira Dupla e Bico Quadrado Dourado;;
11604919534;Sandália Feminina Preta Salto Fino Enfeite Metalizado;;
11604919734;Sandália Feminina Off White Salto Fino Enfeite Metalizado;;
11604938334;Sandália Feminina Dourada Salto Fino Enfeite Metalizado;;
11605471034;Sandália Feminina Preta Salto Alto Taça Dourado Metalizado Tira Fina Com Strass;;
11605474634;Sandália Feminina Off White Salto Alto Taça Dourado Metalizado Tira Fina Com Strass;;
11605571034;Sandália Feminina Preta Salto Bloco Dourado Metalizado Bico Quadrado Tira Com Fivela;;
11605574634;Sandália Feminina Off White Salto Bloco Dourado Metalizado Bico Quadrado Tira Com Fivela;;
11605674734;Tamanco Feminino Preto Verniz Molhado Salto Baixo Dourado Metalizado Bico Quadrado;;
11605674834;Tamanco Feminino Off White Verniz Molhado Salto Baixo Dourado Metalizado Bico Quadrado;;
11605700934;Tamanco Preto de Dedo Domidona Tiras Finas de Strass Salto Médio Fino;;
11605738334;Tamanco Dourado de Dedo Domidona Tiras Finas de Strass Salto Médio Fino;;
11605870934;Sandália Feminina Caramelo Salto Alto Grosso Cromado Tiras Com Tachas;;
11605874634;Sandália Feminina Off White Salto Alto Grosso Cromado Tiras Com Tachas;;
11605913034;Tamanco de Dedo Domidona Bico Quadrado Salto Fino Elegante Marsala;;
11605923134;Tamanco de Dedo Domidona Bico Quadrado Salto Fino Elegante Off White;;
11605971034;Tamanco de Dedo Domidona Bico Quadrado Salto Fino Elegante Preto;;
11605971134;Tamanco de Dedo Domidona Bico Quadrado Salto Fino Elegante Marrom;;
11605977234;Tamanco de Dedo Domidona Bico Quadrado Salto Fino Elegante Marrom Rocha;;
11606000934-35;Tamanco Feminino em Vinil Salto Baixo Bico Quadrado Confortável 116.60;;
11606001934-35;Tamanco Feminino em Vinil Salto Baixo Bico Quadrado Confortável 116.60;;
11606079134-35;Tamanco Feminino em Vinil Salto Baixo Bico Quadrado Confortável 116.60;;
11701119534;Sandália Feminina Papete Flatform Calce Fácil Tira De Strass Preta;;
11701119734;Sandália Feminina Papete Flatform Calce Fácil Tira De Strass Off White;;
11701419534;Sandália Feminina Papete Flatform Com Tiras De Strass Moda Preta;;
11701419734;Sandália Feminina Papete Flatform Com Tiras De Strass Moda Off White;;
11800400934;Sapatilha Feminina Bico Fino Laço Strass Elegante Preto;;
11800403334;Sapatilha Feminina Bico Fino Laço Strass Elegante Dourado;;
11800404134;Sapatilha Feminina Bico Fino Laço Strass Elegante Nude;;
11800412134;Sapatilha Feminina Bico Fino Laço Strass Elegante Off White;;
11800428634;Sapatilha Feminina Bico Fino Laço Strass Elegante Prata;;
11800604134;Sapatilha Feminina Bico Fino Detalhe Laço Elegante Da Moda Nude;;
11800628634;Sapatilha Feminina Bico Fino Detalhe Laço Elegante Da Moda Prata;;
11801101234;Sapatilha Feminina Bico Fino Em Verniz Tira Calcanhar Fivela Vermelho;;
11801117234;Sapatilha Feminina Bico Fino Em Verniz Tira Calcanhar Fivela Preto;;
11801201234;Sapatilha Feminina Bico Fino Verniz Elegante Tira Slingback Vermelho;;
11801217234;Sapatilha Feminina Bico Fino Verniz Elegante Tira Slingback Preta;;
11801219834;Sapatilha Feminina Bico Fino Verniz Elegante Tira Slingback Nude;;
11801319534;Sapatilha Feminina Bico Fino Com Detalhes Dourados Fivela Preta;;
11801319734;Sapatilha Feminina Bico Fino Com Detalhes Dourados Fivela Off White;;
11801419534;Sapatilha Feminina Bico Fino Com Tira Enfeite De Strass Brilho Preta;;
11801438334;Sapatilha Feminina Bico Fino Com Tira Enfeite De Strass Brilho Dourado;;
11801512534;Sapatilha Feminina Slingback Bico Fino Verniz Tiras E Fivela Marsala;;
11801517534;Sapatilha Feminina Slingback Bico Fino Verniz Tiras E Fivela Preta;;
11801519734;Sapatilha Feminina Slingback Bico Fino Verniz Tiras E Fivela Off White;;
11801604134;Sapatilha Feminina Bico Fino Detalhe Tira Em Nó Da Moda Nude;;
11801619534;Sapatilha Feminina Bico Fino Detalhe Tira Em Nó Da Moda Preta;;
11801638334;Sapatilha Feminina Bico Fino Detalhe Tira Em Nó Da Moda Dourado;;
11801770934;Sapatilha Feminina Caramelo Slingback Bico Fino Laço ABS Metalizado;;
11801777234;Sapatilha Feminina Slingback Marrom Laço Com Aplique Dourado Metalizado;;
11801838334;Sapatilha Verniz Dourada Bico Fino Tiras Duplas Fivela Oval Estilo Boho;;
11801870934;Sapatilha Verniz Caramelo Bico Fino Tiras Duplas Fivela Oval Estilo Boho;;
11801871034;Sapatilha Verniz Preta Bico Fino Tiras Duplas Fivela Oval Estilo Boho;;
11802101934;Sapatilha Feminina Camurça Animal Print Vaca Caramelo Bico Fino;;
11802112134;Sapatilha Feminina Camurça Animal Print Vaca Preta Bico Fino;;
12002501234;Scarpin Salto Alto Bico Fino Elegante Confortável Vermelho;;
12002503334;Scarpin Salto Alto Bico Fino Elegante Confortável Dourado;;
12002517534;Scarpin Salto Alto Bico Fino Elegante Confortável Preto Verniz;;
12002601234;Scarpin Feminino Bico Fino Salto Bloco Grosso Brilhante Luxo Vermelho;;
12002717534;Scarpin Feminino Slingback De Salto Bico Fino Tira Tornozelo Preto;;
12002719734;Scarpin Feminino Slingback De Salto Bico Fino Tira Tornozelo Off White;;
12002801234;Scarpin Feminino Slingback Salto Alto Fino Tiras Com Fivelas Vermelho;;
12002819734;Scarpin Feminino Slingback Salto Alto Fino Tiras Com Fivelas Off White;;
12002901234;Scarpin Feminino Slingback Bico Fino Metalizado Salto Fino Elegante Vermelho;;
12003019734;Scarpin Feminino Bico Fino Metalizado Salto Alto Agulha Elegante Off White;;
12003019834;Scarpin Feminino Bico Fino Metalizado Salto Alto Agulha Elegante Nude;;
12003119534;Scarpin Feminino Preto Bico Fino Enfeite Metalizado12003119734Scarpin Feminino Off White Bico Fino Enfeite Metalizado;;
12003119834;Scarpin Feminino Nude Bico Fino Enfeite Metalizado12100600934Bota Feminina Espiral De Strass Salto Fino Elegante Preto;;
12100700934;Bota Feminina Cano Curto Bico Fino Salto Alto Laço Strass Elegante Preto;;
12201700934;Bota Over The Knee Cano Longo Salto Grosso Com Strass Brilhante Preto;;
12201828634;Bota Feminina Slouchy Bico Fino Salto Bloco Elegante Prata;;
12202071034;Bota Feminina Preta Domidona Cano Alto Salto Bloco Confortável;;
12202071134;Bota Feminina Marrom Domidona Cano Alto Salto Bloco Confortável;;
12700519534;Bota Texana Feminina Western Country Bico Fino Cano Médio;;
12700519734;Bota Texana Feminina Western Country Bico Fino Cano Médio;;
12700528634;Bota Texana Feminina Western Country Bico Fino Cano Médio;;
12700603134;Bota Texana Feminina Western Country Bordada Cano Médio Moda;;
12700619534;Bota Texana Feminina Western Country Bordada Cano Médio Moda;;
12700619734;Bota Texana Feminina Western Country Bordada Cano Médio Moda;;
12700628634;Bota Texana Feminina Western Country Bordada Cano Médio Moda;;
12700919534;Bota Feminina Texana Western Cano Curto Bordada Confortável Preta;;
12700919734;Bota Feminina Texana Western Cano Curto Bordada Confortável Off White;;
12700928634;Bota Feminina Texana Western Cano Curto Bordada Confortável Prata;;
12701019534;Bota Feminina Texana Western Cano Longo Bordada Bico Fino Preta;;
12701019734;Bota Feminina Texana Western Cano Longo Bordada Bico Fino Off White;;
12701028634;Bota Feminina Texana Western Cano Longo Bordada Bico Fino Prata;;
14400419534;Sandália Feminina Anabela Plataforma Salto Alto De Madeira Preto;;
14400419734;Sandália Feminina Anabela Plataforma Salto Alto De Madeira 144.04 Off White;;
14700100134;Sandália Feminina Salto Bloco Bico Quadrado Transparente Branco;;
14700100334;Sandália Feminina Salto Bloco Bico Quadrado Transparente Pink;;
14700100934;Sandália Feminina Salto Bloco Bico Quadrado Transparente Preto;;
14700101234;Sandália Feminina Salto Bloco Bico Quadrado Transparente Vermelho;;
14700101634;Sandália Feminina Salto Bloco Bico Quadrado Transparente Lilás;;
14700105734;Sandália Feminina Salto Bloco Bico Quadrado Transparente Amarelo;;
14700300334;Sandália Feminina Salto Bloco Laço Bico Quadrado Tira Nó Tornozelo Pink;;
14700300934;Sandália Feminina Salto Bloco Laço Bico Quadrado Tira Nó Tornozelo Preto;;
14700712134;Sandália Salto Grosso Bloco Feminina Vinil Amarração Domidona Off White;;
14700713234;Sandália Salto Grosso Bloco Feminina Vinil Amarração Domidona Preto;;
14700716334;Sandália Salto Grosso Bloco Feminina Vinil Amarração Domidona Lilás;;
14700800134;Sandália Salto Bloco Tiras Cruzadas Transparente Vinil Bico Quadrado Branco;;
14700800934;Sandália Salto Bloco Tiras Cruzadas Transparente Vinil Bico Quadrado Preto;;
14700805734;Sandália Salto Bloco Tiras Cruzadas Transparente Vinil Bico Quadrado Amarelo;;
14700815334;Sandália Salto Bloco Tiras Cruzadas Transparente Vinil Bico Quadrado Candy;;
14700919534;Sandália Feminina Salto Bloco Strass Tiras Confortável Elegante Preto;;
14700919834;Sandália Feminina Salto Bloco Strass Tiras Confortável Elegante Nude;;
14700920234;Sandália Feminina Salto Bloco Strass Tiras Confortável Elegante 147.09 Rosa;;
14700953834;Sandália Feminina Salto Bloco Strass Tiras Confortável Elegante 147.09 Verde;;
14701019534;Sandália Feminina Salto Bloco Grosso Strass Tira Entrelaçada Preto;;
14701019734;Sandália Feminina Salto Bloco Grosso Strass Tira Entrelaçada Off White;;
14701038334;Sandália Feminina Salto Bloco Grosso Strass Tira Entrelaçada Dourado;;
14701057534;Sandália Feminina Salto Bloco Grosso Strass Tira Entrelaçada 147.10 Verde;;
14701119534;Sandália Feminina Tiras Strass Nó Salto Grosso Bloco Brilho;;
14701120234;Sandália Feminina Tiras Strass Nó Salto Grosso Bloco Brilho;;
14701146834;Sandália Feminina Tiras Strass Nó Salto Grosso Bloco Brilho;;
14701219534;Sandália Feminina Salto Bloco Grosso Tiras Strass Brilho Preto;;
14701219734;Sandália Feminina Salto Bloco Grosso 3 Tiras Strass Brilho 147.12 Off White;;
14701246834;Sandália Feminina Salto Bloco Grosso Tiras Strass Brilho Caramelo;;
14701319534;Sandália Feminina De Amarração Tiras Strass Salto Alto Grosso;;
14701328734;Sandália Feminina De Amarração Tiras Strass Salto Alto Grosso;;
14701338334;Sandália Feminina De Amarração Tiras Strass Salto Alto Grosso;;
14701419534;Sandália Feminina Preta Salto Alto Tira Com ABS Metalizado;;
14701419734;Sandália Feminina Off White Salto Alto Tira Com ABS Metalizado;;
14701438334;Sandália Feminina Dourada Salto Alto Tira Com ABS Metalizado;;
14701468934;Sandália Feminina Caramelo Salto Alto Tira Com ABS Metalizado;;
14701571134;Sandália Marrom Salto Alto Bloco Bico Quadrado Com Laço ABS Metalizado;;
14701574634;Sandália Off White Salto Alto Bloco Bico Quadrado Com Laço ABS Metalizado;;
14701576334;Sandália Caramelo Salto Alto Bloco Bico Quadrado Com Laço ABS Metalizado;;
14701600934;Sandália Preta Feminina Animal Print Salto Bloco Tira Única Com Fivela;;
14701601934;Sandália Caramelo Feminina Animal Print Salto Bloco Tira Única Com Fivela;;
14701612134;Sandália Off White Feminina Animal Print Salto Bloco Tira Única Com Fivela;;
15509500128;Tênis Menina Fashion Unicórnio Casual Infantil Botinha Branco;;
15509504128;Tênis Menina Fashion Unicórnio Casual Infantil Botinha Rosa;;
20100328;Tênis Menina Fashion Feminino Infantil Slip On Elástico Casual;;
15520100334;Tênis Feminino Slip On X Com Elástico Calce Fácil Luxo Casual Pink;;
20100928;Tênis Menina Fashion Feminino Infantil Slip On Elástico Casual;;
15520100934;Tênis Feminino Slip On X Com Elástico Calce Fácil Luxo Casual Preto;;
20104128;Tênis Menina Fashion Feminino Infantil Slip On Elástico Casual;;
15520104134;Tênis Feminino Slip On X Com Elástico Calce Fácil Luxo Casual Rosa;;
15700100920;Tênis bebê unicórnio cano alto15704719520Tênis Bebê Feminino Infantil Casual Cano Alto Com Strass Preto;;
15704720120;Tênis Bebê Feminino Infantil Casual Cano Alto Com Strass Rosa;;
16200100234;Sandália Feminina Salto Grosso Tiras Transparentes Domidona Rosa;;
16200100934;Sandália Feminina Salto Grosso Tiras Transparentes Domidona Preto;;
16200101434;Sandália Feminina Salto Grosso Tiras Transparentes Domidona Verde;;
16200112134;Sandália Feminina Salto Grosso Tiras Transparentes Domidona Off White;;
16200328734;Sandália Feminina Salto Grosso Tiras Trança Entrelaçada Strass Cobre;;
16200338334;Sandália Feminina Salto Grosso Tiras Trança Entrelaçada Strass Dourado;;
16200350134;Sandália Feminina Salto Grosso Tiras Trança Entrelaçada Strass Preta;;
16200419534;Sandália Feminina Salto Bloco Grosso Fivela Detalhe Corrente;;
16200419734;Sandália Feminina Salto Bloco Grosso Fivela Detalhe Corrente 162.04;;
16200446834;Sandália Feminina Salto Bloco Grosso Fivela Detalhe Corrente 162.04;;
16200453834;Sandália Feminina Salto Bloco Grosso Fivela Detalhe Corrente 162.04;;
16200519534;Sandália Feminina Casual Salto Bloco Grosso Confortável Moda;;
16200519734;Sandália Feminina Casual Salto Bloco Grosso Confortável Moda;;
16200519834;Sandália Feminina Casual Salto Bloco Grosso Confortável Moda;;
16200553834;Sandália Feminina Casual Salto Bloco Grosso Confortável Moda;;
16200650134;Sandália Feminina Salto Bloco Confortável Tiras Elegantes Moda Preto;;
16200819534;Sandália Feminina Salto Bloco Tira De Strass Curva Luxo;;
16200819734;Sandália Feminina Salto Bloco Tira De Strass Curva Luxo;;
16200820234;Sandália Feminina Salto Bloco Tira De Strass Curva Luxo;;
16200846834;Sandália Feminina Salto Bloco Tira De Strass Curva Luxo;;
16600203334;Rasteirinha Sandália Feminina De Amarração Tira De Strass;;
16600219534;Rasteirinha Sandália Feminina De Amarração Tira De Strass;;
16600219734;Rasteirinha Sandália Feminina De Amarração Tira De Strass;;
16600220234;Rasteirinha Sandália Feminina De Amarração Tira De Strass;;
16600319534;Rasteirinha Sandália Feminina Bico Quadrado Tiras Strass Preta;;
16600319734;Rasteirinha Sandália Feminina Bico Quadrado Tiras Strass 166.03;;
16600319834;Rasteirinha Sandália Feminina Bico Quadrado Tiras Strass 166.03;;
16600320434;Rasteirinha Sandália Feminina Bico Quadrado Tiras Strass;;
16600321534;Rasteirinha Sandália Feminina Bico Quadrado Tiras Strass;;
16600419534;Sandália Feminina Rasteirinha Amarração Tiras De Strass;;
16600419734;Sandália Feminina Rasteirinha Amarração Tiras De Strass;;
16600419834;Sandália Feminina Rasteirinha Amarração Tiras De Strass;;
16600420234;Sandália Feminina Rasteirinha Amarração Tiras De Strass;;
16600428734;Sandália Feminina Rasteirinha Amarração Tiras De Strass;;
16600438334;Sandália Feminina Rasteirinha Amarração Tiras De Strass;;
16600519534;Rasteirinha Sandália Feminina Com Pedraria Tira Elastica 166.05;;
16600519734;Rasteirinha Sandália Feminina Com Pedraria Tira Elastica;;
16600520234;Rasteirinha Sandália Feminina Com Pedraria Tira Elastica;;
16600520434;Rasteirinha Sandália Feminina Com Pedraria Tira Elastica;;
16600521634;Rasteirinha Sandália Feminina Com Pedraria Tira Elastica;;
16600600934;Rasteirinha Feminina Com Amarração Bico Quadrado Nó Pérola;;
16600700334;Rasteirinha Sandália Feminina Peep Toe Salto Laço Strass;;
16600700934;Rasteirinha Sandália Feminina Peep Toe Salto Laço Strass;;
16600704134;Rasteirinha Sandália Feminina Peep Toe Salto Laço Strass;;
16600712134;Rasteirinha Sandália Feminina Peep Toe Salto Laço Strass;;
16600819534;Sandália Feminina Rasteirinha Bico Quadrado Com Tiras de Strass;;
16600838334;Sandália Feminina Rasteirinha Bico Quadrado Com Tiras de Strass;;
16600919534;Sandália Feminina Rasteirinha Com Tira De Strass Brilho Moda Preto;;
16600928634;Sandália Feminina Rasteirinha Com Tira De Strass Brilho Moda Prata;;
16600938334;Sandália Feminina Rasteirinha Com Tira De Strass Brilho Moda Dourado;;
16601019534;Sandália Feminina Rasteirinha Confortável Tiras De Strass Nó Preto;;
16601019734;Sandália Feminina Rasteirinha Confortável Tiras De Strass Nó Off White;;
16601020234;Sandália Feminina Rasteirinha Confortável Tiras De Strass Nó Rosa;;
16601053834;Sandália Feminina Rasteirinha Confortável Tiras De Strass Nó Verde;;
16601119534;Sandália Feminina Rasteirinha Rasteira Tiras Em Nó Com Spikes Preto;;
16601120234;Sandália Feminina Rasteirinha Rasteira Tiras Em Nó Com Spikes Rosa;;
16601138334;Sandália Feminina Rasteirinha Rasteira Tiras Em Nó Com Spikes Dourado;;
16601153834;Sandália Feminina Rasteirinha Rasteira Tiras Em Nó Com Spikes Verde;;
16601219534;Sandália Feminina Rasteirinha Tiras Grossas Strass Brilhante;;
16601219834;Sandália Feminina Rasteirinha Tiras Grossas Strass Brilhante 166.12;;
16601319534;Sandália Feminina Rasteirinha Tiras De Vinil Com Strass Moda Preto;;
16601319734;Sandália Feminina Rasteirinha Tiras De Vinil Com Strass Moda Off White;;
16601319834;Sandália Feminina Rasteirinha Tiras De Vinil Com Strass Moda Nude;;
16601419534;Sandália Feminina Rasteirinha Tiras De Strass Entrelaçada Moda Preto;;
16601428734;Sandália Feminina Rasteirinha Tiras De Strass Entrelaçada Moda Cobre;;
16601438334;Sandália Feminina Rasteirinha Tiras De Strass Entrelaçada Moda Dourado;;
16601519534;Sandália Feminina Rasteirinha Tiras Cruzadas Pedrarias Spikes Preto;;
16601538334;Sandália Feminina Rasteirinha Tiras Cruzadas Pedrarias Spikes Dourado;;
16601619534;Sandália Feminina Rasteira Rasteirinha Tira Spikes Confort Preto;;
16601619734;Sandália Feminina Rasteira Rasteirinha Tira Spikes Confort Off White;;
16601638334;Sandália Feminina Rasteira Rasteirinha Tira Spikes Confort Dourado;;
16601646834;Sandália Feminina Rasteira Rasteirinha Tira Spikes Confort Marrom;;
16601719534;Sandália Feminina Rasteirinha Tira De Vinil Strass Brilhante Preto;;
16601719734;Sandália Feminina Rasteirinha Tira De Vinil Strass Brilhante Off White;;
16601738334;Sandália Feminina Rasteirinha Tira De Vinil Strass Brilhante Dourado;;
16900119528;Tênis Feminino Casual Infantil Com Spikes Estiloso Confortável Preto;;
16900120328;Tênis Feminino Casual Infantil Com Spikes Estiloso Confortável Rosa;;
16900436128;Tênis Infantil Feminino Casual Cano Baixo Recortes Colorido;;
16900533328;Tênis Feminino Infantil Casual Menina Cano Baixo Glitter Brilho Preto;;
16900553628;Tênis Feminino Infantil Casual Menina Cano Baixo Glitter Brilho;;
16901228528;Tênis Feminino Infantil Tira De Strass Brilho Cano Baixo Casual;;
16902428528;Tênis Feminino Infantil Tira De Strass Brilho Cano Baixo Casual;;
16902458128;Tênis Feminino Infantil Tira De Strass Brilho Cano Baixo Casual;;
16902459328;Tênis Feminino Infantil Tira De Strass Brilho Cano Baixo Casual;;
16902819528;Tênis Feminino Infantil Cano Curto Casual Com Recortes Em Preto Branco;;
16902819628;Tênis Feminino Infantil Cano Curto Casual Com Recortes Em Preto Branco;;
16903319328;Tênis Casual Branco Infantil Menina Fashion Cano Curto Com Recortes;;
16903319528;Tênis Feminino Sem Cadarço Calce Fácil Infantil Brilho Strass Preto;;
16903328628;Tênis Feminino Sem Cadarço Calce Fácil Infantil Brilho Strass Prata;;
16903355228;Tênis Feminino Sem Cadarço Calce Fácil Infantil Brilho Strass Nude;;
16903619628;Tênis Feminino Infantil Menina Smile Confortável Cano Curto Branco;;
16905119528;Tênis Feminino Infantil Cadarço De Strass Calce Fácil Casual Preto;;
16905119628;Tênis Feminino Infantil Cadarço De Strass Calce Fácil Casual Branco;;
16905128628;Tênis Feminino Infantil Cadarço De Strass Calce Fácil Casual Prata;;
16905263528;Tênis Feminino Infantil Casual Com Friso Moda Detalhe Cadarço;;
16905263628;Tênis Feminino Infantil Casual Com Friso Moda Detalhe Cadarço;;
16905419528;Tênis Feminino Infantil Casual Cano Baixo Curto Estrela Brilho;;
16905419628;Tênis Feminino Infantil Casual Cano Baixo Curto Estrela Brilho;;
16905428628;Tênis Feminino Infantil Casual Cano Baixo Curto Estrela Brilho;;
16905466828;Tênis Feminino Infantil Casual Cano Baixo Curto Estrela Brilho;;
16905619528;Tênis Feminino Infantil Casual Cano Baixo Recortes Confortável;;
16905619628;Tênis Feminino Infantil Casual Cano Baixo Recortes Confortável;;
16905835628;Tênis Infantil Feminino Cano Alto Recortes Com Verniz Brilho Branco;;
16905862928;Tênis Infantil Feminino Cano Alto Recortes Com Verniz Brilho Nude;;
16905863028;Tênis Infantil Feminino Cano Alto Recortes Com Verniz Brilho Preto;;
16905919528;Tênis Feminino Infantil Cano Curto Com Corrente Confortável Moda;;
16907519528;Tênis Feminino Infantil Cano Alto Casual De Recortes Da Moda;;
16907519628;Tênis Feminino Infantil Cano Alto Casual De Recortes Da Moda;;
208119528;Tênis Infantil Feminino Escolar Menina Fashion Com Tiras Duplas Preto;;
208119628;Tênis Infantil Feminino Escolar Menina Fashion Com Tiras Duplas Branco;;
17100119534;Sandália Feminina Salto Transparente Cristal Tira Tornozelo Preta;;
17100119734;Sandália Feminina Salto Transparente Cristal Tira Tornozelo Off White;;
17100119834;Sandália Feminina Salto Transparente Cristal Tira Tornozelo Nude;;
17100120234;Sandália Feminina Salto Transparente Cristal Tira Tornozelo Rosa;;
17100121534;Sandália Feminina Salto Transparente Cristal Tira Tornozelo Verde;;
17100319534;Sandália Feminina Salto transparente Bico Quadrado Vinil Preto;;
17100319734;Sandália Feminina Salto transparente Bico Quadrado Vinil Off White;;
17100519534;Sandália Feminina Salto Alto Transparente Tiras De Strass Preto;;
17100520234;Sandália Feminina Salto Alto Transparente Tiras De Strass Pink;;
17100538334;Sandália Feminina Salto Alto Transparente Tiras De Strass Dourado;;
17300319534;Sandália Feminina Salto Grosso Tiras Bico Quadrado Vinil Preto;;
17300719534;Sandália Feminina Salto Bloco Grosso Tiras Brilhantes Strass Preto;;
17300719734;Sandália Feminina Salto Bloco Grosso Tiras Brilhantes Strass 173.07 Off White;;
17300746834;Sandália Feminina Salto Bloco Grosso Tiras Brilhantes Strass Caramelo;;
17300819734;Sandália Feminina Salto Bloco Bico Quadrado Tira Spikes Moda;;
17300846834;Sandália Feminina Salto Bloco Bico Quadrado Tira Spikes Moda;;
17300920234;Sandália Feminina Strass Salto Bloco Grosso Luxo Elegante;;
17300950134;Sandália Feminina Strass Salto Bloco Grosso Luxo Elegante;;
17301028634;Sandalia Feminina Salto Bloco Grosso Tira Strass Grosso Brilho;;
17301028734;Sandalia Feminina Salto Bloco Grosso Tira Strass Grosso Brilho;;
17301038334;Sandalia Feminina Salto Bloco Grosso Tira Strass Grosso Brilho;;
17301050134;Sandalia Feminina Salto Bloco Grosso Tira Strass Grosso Brilho;;
17301157534;Sandália Feminina Salto Bloco Laço Com Textura Brilhante Moda Verde;;
17301219534;Sandália Feminina Tiras Strass De Amarração E Salto Bloco Preta;;
17301238334;Sandália Feminina Tiras Strass De Amarração E Salto Bloco Dourada;;
17301319534;Sandália Feminina Salto Bloco Tira Com Laço Bico Redondo;;
17301319834;Sandália Feminina Salto Bloco Tira Com Laço Bico Redondo;;
17301338334;Sandália Feminina Salto Bloco Tira Com Laço Bico Redondo;;
17301419534;Sandália Feminina Laço Bico Quadrado Salto Médio Bloco;;
17301419734;Sandália Feminina Laço Bico Quadrado Salto Médio Bloco;;
17301438334;Sandália Feminina Laço Bico Quadrado Salto Médio Bloco;;
17400119534;Sandália Salto Grosso Bloco Tiras Strass Fivela Tornozelo Preto;;
17400119734;Sandália Salto Grosso Bloco Tiras Strass Fivela Tornozelo Off White;;
17400119834;Sandália Salto Grosso Bloco Tiras Strass Fivela Tornozelo Amêndoa;;
17400120234;Sandália Salto Grosso Bloco Tiras Strass Fivela Tornozelo Pink;;
17400121634;Sandália Salto Grosso Bloco Tiras Strass Fivela Tornozelo Lemon;;
17400219534;Sandália Feminina Salto Grosso Bloco De Strass Duas Tiras Preto;;
17400219734;Sandália Feminina Salto Grosso Bloco De Strass Duas Tiras Off White;;
17400219834;Sandália Feminina Salto Grosso Bloco De Strass Duas Tiras Nude;;
17400220234;Sandália Feminina Salto Grosso Bloco De Strass Duas Tiras Rosa;;
17400220434;Sandália Feminina Salto Grosso Bloco De Strass Duas Tiras Lilás;;
17400319534;Sandália Feminina De Amarração Salto Bloco Brilhante Vinil Preto;;
17400319734;Sandália Feminina De Amarração Salto Bloco Brilhante Vinil Off White;;
17400320234;Sandália Feminina De Amarração Salto Bloco Brilhante Vinil Rosa;;
17400828734;Sandália Feminina Salto Grosso Tiras Trançadas Entrelaçadas 174.08 Cobre;;
17400838334;Sandália Feminina Salto Grosso Tiras Trançadas Entrelaçadas 174.08 Dourado;;
17400850134;Sandália Feminina Salto Grosso Tiras Trançadas Entrelaçadas Preto;;
17400938334;Sandália Feminina Amarração Salto Grosso Detalhe Laço Elegante Dourado;;
17400950134;Sandália Feminina Amarração Salto Grosso Detalhe Laço Elegante Preto;;
17401019534;Sandália Feminina De Amarração Salto Bloco E Tiras De Strass Preto;;
17401020234;Sandália Feminina De Amarração Salto Bloco E Tiras De Strass Rosa;;
17401119534;Sandália Feminina Salto Bloco Com Strass Tiras Brilhantes Preto;;
17401119734;Sandália Feminina Salto Bloco Com Strass Tiras Brilhantes Off White;;
17401120234;Sandália Feminina Salto Bloco Com Strass Tiras Brilhantes Rosa;;
17401138334;Sandália Feminina Salto Bloco Com Strass Tiras Brilhantes Dourado;;
17401219534;Sandália Feminina Salto Bloco Tiras Strass Brilho Nó Moda 174.12 Preto;;
17401219834;Sandália Feminina Salto Bloco Tiras Strass Brilho Nó Moda 174.12 Nude;;
17401220234;Sandália Feminina Salto Bloco Tiras Strass Brilho Nó Moda;;
17401246834;Sandália Feminina Salto Bloco Tiras Strass Brilho Nó Moda 174.12 Marrom;;
17401253834;Sandália Feminina Salto Bloco Tiras Strass Brilho Nó Moda 174.12 Verde;;
17401319534;Sandália Feminina Salto Bloco E Tiras Finas Em Strass Preta;;
17401319734;Sandália Feminina Salto Bloco E Tiras Finas Em Strass Off White;;
17401338334;Sandália Feminina Salto Bloco E Tiras Finas Em Strass Dourada;;
17401419534;Sandália Feminina Bico Quadrado Salto Bloco Tira De Strass Preta;;
17401419834;Sandália Feminina Bico Quadrado Salto Bloco Tira De Strass Nude;;
17401428634;Sandália Feminina Bico Quadrado Salto Bloco Tira De Strass Prata;;
17401519534;Sandália Feminina Salto Bloco Tiras De Strass Cruzadas;;
17401519734;Sandália Feminina Salto Bloco Tiras De Strass Cruzadas;;
17700119534;Tênis Feminino Casual Cano Curto Confortável Estiloso Domidona;;
17700119634;Tênis Feminino Casual Cano Curto Confortável Estiloso Domidona Branco;;
17700158134;Tênis Feminino Casual Cano Curto Confortável Estiloso Domidona;;
17700166834;Tênis Feminino Casual Cano Curto Confortável Estiloso Domidona;;
17700236834;Tênis Feminino Casual De Cano Baixo De Recortes Coloridos Moda;;
17700328534;Tênis Feminino Casual Cano Baixo Leve Confort Com Friso Dourado;;
17700419534;Tênis Feminino Casual Flatform Lapela E Cadarço Com Strass Preto;;
17700419634;Tênis Feminino Casual Flatform Lapela E Cadarço Com Strass Branco;;
17700500134;Tênis Feminino Casual Confortável Cano Baixo Tecido Da Moda Branco;;
17700500234;Tênis Feminino Casual Confortável Cano Baixo Tecido Da Moda Rosa;;
17700500934;Tênis Feminino Casual Confortável Cano Baixo Tecido Da Moda Preto;;
17700504834;Tênis Feminino Casual Confortável Cano Baixo Tecido Da Moda Azul;;
17800119528;Bota Texana Feminina Western Infantil Country Cano Médio Preto;;
17800128628;Bota Texana Feminina Western Infantil Country Cano Médio Prata;;
17800219528;Bota Feminina Chelsea Bordada Infantil Menina Cano Curto;;
17800219728;Bota Feminina Chelsea Bordada Infantil Menina Cano Curto;;
17800319528;Bota Feminina Texana Infantil Menina Cano Alto Bordada Luxo Preta;;
17800319728;Bota Feminina Texana Infantil Menina Cano Alto Bordada Luxo Off White;;
17800419528;Bota Feminina Texana Infantil Menina Cano Alto Bordada Da Moda Preta;;
17800428628;Bota Feminina Texana Infantil Menina Cano Alto Bordada Da Moda Prata;;
20408969528;Bota Texana Infantil Western Preta Cordão de Strass Menina Fashion;;
20408969928;Bota Texana Infantil Western Off White Cordão de Strass Menina Fashion;;
17900400934;Bota Feminina Cano Curto Bico Fino Salto Grosso Confortável Preta Napa;;
17900401934;Bota Feminina Cano Curto Bico Fino Salto Grosso Confortável Caramelo;;
17900412134;Bota Feminina Cano Curto Bico Fino Salto Grosso Confortável Off White;;
17900665134;Bota Feminina Cano Médio Salto Alto Grosso Bico Fino Elegante Preta;;
17900819534;Bota Feminina Chelsea Cano Médio Salto Grosso Da Moda Luxo Preto;;
17900819734;Bota Feminina Chelsea Cano Médio Salto Grosso Da Moda Luxo Off White;;
17901019534;Bota Feminina Bico Fino Salto Bloco Grosso Tiras Biker Elegante Preto;;
17901119534;Bota Feminina Bico Fino Salto Bloco Cano Curto Com Fivela Preta;;
17901119734;Bota Feminina Bico Fino Salto Bloco Cano Curto Com Fivela Off White;;
17901219534;Bota Feminina Bico Fino Cano Curto Salto Bloco Tiras Fivela Preta;;
17901770934;Bota Social Feminina Caramelo Cano Alto Bico Fino Salto Alto Bloco;;
17901870934;Bota Social Feminina Caramelo Cano Curto Salto Alto Bloco Bico Fino;;
18100119534;Sandália Feminina Papete Tratorada Tiras Tornozelo Spikes Preto;;
18100119734;Sandália Feminina Papete Tratorada Tiras Tornozelo Spikes Off White;;
18100138334;Sandália Feminina Papete Tratorada Tiras Tornozelo Spikes Dourado;;
18100319534;Sandália Feminina Tratorada Tira Grossa Strass Brilho Luxo Preto;;
18100319734;Sandália Feminina Tratorada Tira Grossa Strass Brilho Luxo Off White;;
18100419534;Sandália Feminina De Amarração Tratorada Tiras Strass E Vinil Preto;;
18100420234;Sandália Feminina De Amarração Tratorada Tiras Strass E Vinil Rosa;;
18100428734;Sandália Feminina De Amarração Tratorada Tiras Strass E Vinil Cobre;;
18100438334;Sandália Feminina De Amarração Tratorada Tiras Strass E Vinil Dourado;;
18100519534;Sandália Feminina Tratorada Papete Flatform Tira Strass Brilho Preto;;
18100528734;Sandália Feminina Tratorada Papete Flatform Tira Strass Brilho Cobre;;
18100538334;Sandália Feminina Tratorada Papete Flatform Tira Strass Brilho Dourado;;
18100619534;Sandália Feminina Tratorada Papete Nó Strass Brilhante Luxo Preto;;
18100628734;Sandália Feminina Tratorada Papete Nó Strass Brilhante Luxo Cobre;;
18100638334;Sandália Feminina Tratorada Papete Nó Strass Brilhante Luxo Dourado;;
18100819534;Sandália Feminina Tratorada Flatform Strass Brilhante Tiras;;
18100820234;Sandália Feminina Tratorada Flatform Strass Brilhante Tiras;;
18100828734;Sandália Feminina Tratorada Flatform Strass Brilhante Tiras;;
18300119528;Sandália Feminina Flatform Infantil Calce Fácil Com Strass Preta;;
18300119728;Sandália Feminina Flatform Infantil Calce Fácil Com Strass Off White;;
18300319528;Sandália Feminina Flatform Infantil Tira De Strass Na Sola;;
18300319728;Sandália Feminina Flatform Infantil Tira De Strass Na Sola;;
18400117528;Mocassim Tratorado Infantil Menina Fashion Verniz Com laço Verniz Preto;;
18400154728;Mocassim Tratorado Infantil Menina Fashion Verniz Com laço Verniz Rose;;
18400319528;Sapato Mocassim Infantil Preto Menina Plataforma Com Strass;;
18400417528;Mocassim Infantil Menina Tratorado Com Corrente Verniz Preto;;
18400420128;Mocassim Infantil Menina Tratorado Com Corrente Verniz Rosa;;
18400717528;Mocassim Infantil Tratorado Verniz Brilho Elegante Com Cadarço Preto;;
18500100134;Tênis Feminino Casual Samba Old Vintage Cano Baixo Confortável;;
18500116134;Tênis Feminino Casual Samba Old Vintage Cano Baixo Confortável;;
18500166734;Tênis Feminino Casual Samba Old Vintage Cano Baixo Confortável;;
18500266734;Tênis Feminino Samba Casual Cano Baixo Retro Moda Branco Granito;;
18600119734;Mary Jane Feminina Elegante Salto Bloco Grosso Bico Quadrado Off White;;
18600217534;Sandália Feminina Mary Jane Salto Bloco Grosso Bico Quadrado Preta Verniz;;
18600219834;Sandália Feminina Mary Jane Salto Bloco Grosso Bico Quadrado Nude;;
18600223134;Sandália Feminina Mary Jane Salto Bloco Grosso Bico Quadrado Off White;;
18700219734;Mocassim Feminino Salto Grosso Tira De Strass Brilho Da Moda Off White;;
18700265134;Mocassim Feminino Salto Grosso Tira De Strass Brilho Da Moda;;
18700319734;Mocassim Feminino Salto Grosso Elegante Com Tira Vazada Moda;;
18700365134;Mocassim Feminino Salto Grosso Elegante Com Tira Vazada Moda Preto;;
18700419734;Mocassim Feminino Tira De Spikes Elegante Salto Grosso Preto;;
18700465134;Mocassim Feminino Tira De Spikes Elegante Salto Grosso;;
18700519734;Mocassim Feminino Salto Grosso Enfeite De Corrente;;
18700565134;Mocassim Feminino Salto Grosso Enfeite De Corrente Preto;;
18800100934;Sapatilha Feminina Preta Bico Quadrado Tira Com Fivela;;
18800119734;Sapatilha Feminina Off White Bico Quadrado Tira Com Fivela;;
18800119834;Sapatilha Feminina Nude Bico Quadrado Tira Com Fivela;;
18800138334;Sapatilha Feminina Dourada Bico Quadrado Tira Com Fivela;;
18800200934;Sapatilha Feminina Preta Tira Ajustável E Fivela Cromada;;
18800219734;Sapatilha Feminina Off White Tira Ajustável E fivela Cromada;;
18800300934;Sapatilha Feminina Preta Slingback Bicolor Bico Quadrado;;
18800319734;Sapatilha Feminina Off White Slingback Bicolor Bico Quadrado;;
18800400934;Sapatilha Feminina Tachas Metálicas Bico Quadrado18800419734Sapatilha Feminina Tachas Metálicas Bico Quadrado18800519734Sapatilha Feminina Off White Tiras Cruzadas E Tachas Metálicas;;
18800538334;Sapatilha Feminina Dourado Tiras Cruzadas E Tachas Metálicas;;
18800565134;Sapatilha Feminina Preta Tiras Cruzadas E Tachas Metálicas;;
18900119534;Bota Feminina Cano Curto Salto Grosso Bloco Alto Da Moda Preto;;
18900119734;Bota Feminina Cano Curto Salto Grosso Bloco Alto Da Moda Off White;;
19000113234;Tênis Feminino Casual Sola Plataforma Tratorada Alta Confort Preto;;
19000119634;Tênis Feminino Casual Sola Plataforma Tratorada Alta Confort;;
20150120;Tênis De Luzinha Preto Slip On Casual Menina Infantil;;
20169420;Tênis De Luzinha Rosa Slip On Casual Menina Infantil20269520Tênis De Luzinha Preto Casual Com Velcro Menina Infantil;;
20269620;Tênis De Luzinha Rosa Casual Com Velcro Menina Infantil;;
20269720;Tênis De Luzinha Branco Casual Com Velcro Menina Infantil;;
19400138334;Sandália De Amarração Dourada Alto Bloco Tiras De Strass;;
19400150134;Sandália De Amarração Preta Salto Bloco Tiras De Strass;;
19400238334;Sandália Feminina Dourado Salto Geométrico Bico Quadrado;;
19400250134;Sandália Feminina Preta Salto Geométrico Bico Quadrado;;
19400319734;Sandália Off White Salto Grosso Bloco Tiras Duplas De Strass;;
19400338334;Sandália Dourada Salto Grosso Bloco Tiras Duplas De Strass;;
19400350134;Sandália Preta Salto Grosso Bloco Tiras Duplas De Strass;;
19400419534;Sandália Feminina Preta Salto Alto Bloco Tiras Duplas;;
19400419734;Sandália Feminina Off White Salto Alto Bloco Tiras Duplas;;
19400438334;Sandália Feminina Dourada Salto Alto Bloco Tiras Duplas;;
19500128634;Sandália Feminina Prata Salto Bloco Tiras De Strass Trançadas;;
19500150134;Sandália Feminina Preto Salto Bloco Tiras De Strass Trançadas;;
19500219534;Sandália Feminina Preta Tira Com Fivela Salto Alto Bloco;;
19500219734;Sandália Feminina Off White Tira Com Fivela Salto Alto Bloco;;
19500219834;Sandália Feminina Nude Tira Com Fivela Salto Alto Bloco;;
19500328734;Sandália Bronze Tira Transparente De Strass Salto Bloco;;
19500338334;Sandália Dourada Tira Transparente De Strass Salto Bloco;;
19500350134;Sandália Preta Tira Transparente De Strass Salto Bloco;;
19500419534;Sandália Preta Salto Grosso Tiras Triplas De Strass19500419834Sandália Nude Salto Grosso Tiras Triplas De Strass19500468934Sandália Caramelo Salto Grosso Tiras Triplas De Strass;;
19500519734;Sandália Off White Salto Alto Grosso Tiras Finas Com ABS Metalizado;;
19500672734;Sandália Preta Salto Bloco Tiras Cruzadas Com Fivela Bico Quadrado;;
19500676434;Sandália Caramelo Salto Bloco Tiras Cruzadas Com Fivela Bico Quadrado;;
19600128634;Sandália Feminina Tamanco Salto Bloco E Tira De Strass;;
19600128734;Sandália Feminina Tamanco Salto Bloco E Tira De Strass;;
19600150134;Sandália Feminina Tamanco Salto Bloco E Tira De Strass;;
19600219834;Sandália Feminina Tiras De Strass Cruzadas E Salto Médio;;
19600238334;Sandália Feminina Tiras De Strass Cruzadas E Salto Médio;;
19600250134;Sandália Feminina Tiras De Strass Cruzadas E Salto Médio;;
19600319834;Sandália Feminina Salto Bloco Médio E Tiras De Strass;;
19600338334;Sandália Feminina Salto Bloco Médio E Tiras De Strass;;
19600350134;Sandália Feminina Salto Bloco Médio E Tiras De Strass;;
19700113234;Sandália Feminina Salto Amadeirado Estilo Anabela Preta;;
19700119134;Sandália Feminina Salto Amadeirado Estilo Anabela Caramelo;;
19700219534;Sandália Feminina Preta Anabela Salto Corda Tiras Strass;;
19700219734;Sandália Feminina Off White Anabela Salto Corda Tiras Strass;;
19700238334;Sandália Feminina Dourada Anabela Salto Corda Tiras Strass;;
19700313234;Sandália Anabela Preta Tiras Cruzadas Traseira Fechada;;
19700319734;Sandália Anabela Off White Tiras Cruzadas Traseira Fechada;;
19700338334;Sandália Anabela Dourado Tiras Cruzadas Traseira Fechada;;
19700438334;Sandália Feminina Dourada Salto Anabela Laço Delicado;;
19700450134;Sandália Feminina Preta Salto Anabela Laço Delicado;;
19800113234;Sandália Feminina Preta Salto Anabela Bico Fechado19800119134Sandália Feminina Caramelo Salto Anabela Bico Fechado;;
19800217534;Sandália Feminina Anabela Preta Salto Plataforma Cortiça;;
19800223134;Sandália Feminina Anabela Off White Salto Plataforma Cortiça;;
19800238334;Sandália Feminina Anabela Dourada Salto Plataforma Cortiça;;
19800329934;Sandália Feminina Salto Anabela Tira Vinil Preta19800330034Sandália Feminina Salto Anabela Tira Vinil Transparente;;
19800419534;Sandália Feminina Anabela Preta Plataforma Tira Em Laço;;
19800419734;Sandália Feminina Anabela Off White Plataforma Tira Em Laço;;
19800438334;Sandália Feminina Anabela Dourada Plataforma Tira Em Laço;;
20407400928;Coturno Tratorado Infantil Cadarço Brilhante Menina Fashion;;
20407412128;Coturno Tratorado Infantil Cadarço Brilhante Menina Fashion;;
20410117528;Coturno Feminino Infantil Tratorado Preto Verniz Cano Alto Tachas Douradas;;
20410119528;Coturno Feminino Infantil Tratorado Preto Cano Alto Tachas Douradas;;
20410119728;Coturno Feminino Infantil Tratorado Off White Cano Alto Tachas Douradas;;
20410419528;Bota Coturno Feminino Infantil Tratorado Cano Longo Tira Strass Preto;;
20410420128;Bota Coturno Feminino Infantil Tratorado Cano Longo Tira Strass Rosa;;
20410719528;Coturno Feminino Infantil Tratorado Cano Curto Fivela Com Pelos;;
20410920128;Coturno Feminino Infantil Tratorado Cadarço Bicolor Com Laço;;
20410946728;Coturno Feminino Infantil Tratorado Cadarço Bicolor Com Laço Marrom;;
20411019528;Bota Coturno Feminino Infantil Tratorado Cano Alto Com Spike Preto;;
20411020128;Bota Coturno Feminino Infantil Tratorado Cano Alto Com Spike Rosa;;
20411119528;Coturno Feminino Infantil Tratorado Cano Alto Cadarço Bicolor Preto;;
20411319528;Coturno Feminino Infantil Tratorado Cadarço De Strass Blogueira Preto;;
20411617528;Coturno Feminino Infantil Tratorado Cano Alto Menina Da Moda Preto Verniz;;
20411619528;Coturno Feminino Infantil Tratorado Cano Alto Menina Da Moda Preto;;
20411619728;Coturno Feminino Infantil Tratorado Cano Alto Menina Da Moda Off White;;
20411620128;Coturno Feminino Infantil Tratorado Cano Alto Menina Da Moda Rosa;;
20411769528;Coturno Infantil Preto Cano Alto Fivelas Sola Tratorada Menina Fashion;;
20411869528;Bota Coturno Infantil Preto Cano Alto Com Corrente Menina Fashion;;
20412020128;Bota Coturno Tratorado Infantil Rosa Tira de Strass Menina Fashion;;
20412069528;Bota Coturno Tratorado Infantil Preto Tira de Strass Menina Fashion;;
20412128628;Bota Infantil Prata Cano Curto Montaria Sola Tratorada Menina Fashion;;
20412169528;Bota Infantil Preta Cano Curto Montaria Sola Tratorada Menina Fashion;;
20501717528;Coturno Feminino Infantil Preto Verniz Tratorado Cano Alto Inverno da Moda;;
20501719528;Coturno Feminino Infantil Preto Tratorado Cano Alto Inverno da Moda;;
20501719728;Coturno Feminino Infantil Off White Tratorado Cano Alto Inverno da Moda;;
20502319528;Bota Feminina Chelsea Infantil Menina Tratorada Cano Curto;;
20502319728;Bota Feminina Chelsea Infantil Menina Tratorada Cano Curto Off White;;
20503519528;Coturno Infantil Preto Cano Alto Com Corrente Prateada Menina Fashion;;
20503519728;Coturno Infantil Off White Cano Alto Com Corrente Dourada Menina Fashion;;
20503520128;Coturno Infantil Rosa Cano Alto Com Corrente Dourada Menina Fashion;;
20503719728;Coturno Feminino Infantil Tratorado Menina Tira De Strass Off White;;
20503919528;Coturno Feminino Infantil Tratorado Menina Cano Alto Tiras Rock Preto;;
20504319528;Coturno Feminino Infantil Menina Tratorado Com Bolsinha Preto;;
20504319728;Coturno Feminino Infantil Menina Tratorado Com Bolsinha;;
20900100134;Coturno Feminino Tratorado Com Bolsinha Na Lateral Branco;;
20900112134;Coturno Feminino Tratorado Com Bolsinha Na Lateral Off White;;
20900117234;Coturno Feminino Tratorado Com Bolsinha Na Lateral Preto Verniz;;
21800100934;Coturno Feminino Tratorado Salto Baixo Cano Curto Confortável Preto;;
21800112134;Coturno Feminino Tratorado Salto Baixo Cano Curto Confortável Off White;;
21800419534;Coturno Feminino Tratorado Lapela e Cadarço Com Strass Tendência;;
21800619534;Coturno Feminino Tratorado Cano Longo Com Strass No Cadarço;;
21800919534;Coturno Feminino Tratorado Cano Curto Com Strass Brilhante Moda;;
21801000934;Coturno Feminino Preto Cano Curto Solado Tratorado Zíper Confortável;;
22400119534;Bota Feminina Chelsea Boot Com Elástico Bico Fino Cano Médio Preta;;
22400119734;Bota Feminina Chelsea Boot Com Elástico Bico Fino Cano Médio Off White;;
22700119734;Bota Feminina Inverno Off White Cano Médio Bico Fino Salto Fino Strass;;
22700150134;Bota Feminina Inverno Preta Cano Médio Bico Fino Salto Fino Strass;;
22800338328;Sandália Salto Anabela Dourada Plataforma Menina Infantil;;
22800350128;Sandália Salto Anabela Preta Plataforma Menina Infantil;;
22800828728;Sandália Anabela Infantil Bronze Tiras Triplas De Strass;;
22800838328;Sandália Anabela Infantil Dourada Tiras Triplas De Strass;;
22800850128;Sandália Anabela Infantil Preta Tiras Triplas De Strass;;
22900119734;Sandália Feminina Off White Tira De Laço E Salto De Strass;;
22900138334;Sandália Feminina Dourada Tira De Laço E Salto De Strass;;
22900150134;Sandália Feminina Preta Tira De Laço E Salto De Strass;;
22900219734;Sandália Feminina Off White Tiras Triplas Salto Alto De Strass;;
22900238334;Sandália Feminina Dourada Tiras Triplas Salto Alto De Strass;;
22900250134;Sandália Feminina Preta Tiras Triplas Salto Alto De Strass;;
22900328734;Sandália Feminina Bronze Tira Com Fivela Salto Alto De Strass;;
22900338334;Sandália Feminina Dourada Tira Com Fivela Salto Alto De Strass;;
22900350134;Sandália Feminina Preta Tira Com Fivela Salto Alto De Strass;;
23100238334;Sandália Rasteira Feminina Dourada Tiras Com Spikes E Fivela;;
23100250134;Sandália Rasteira Feminina Preta Tiras Com Spikes E Fivela;;
23100328634;Sandália Feminina Rasteira Prata Tira Adornada De Strass;;
23100328734;Sandália Feminina Rasteira Bronze Tira Adornada De Strass;;
23100338334;Sandália Feminina Rasteira Dourada Tira Adornada De Strass;;
23100350134;Sandália Feminina Rasteira Preta Tira Adornada De Strass;;
23100628634;Sandália Rasteira Feminina Prata Tiras Cruzadas De Strass;;
23100628734;Sandália Rasteira Feminina Bronze Tiras Cruzadas De Strass;;
23100638334;Sandália Rasteira Feminina Dourada Tiras Cruzadas De Strass;;
23100650134;Sandália Rasteira Feminina Preta Tiras Cruzadas De Strass;;
23100819534;Sandália Feminina Lesma Rasteira Com Tira No Tornozelo;;
23100819734;Sandália Feminina Lesma Rasteira Com Tira No Tornozelo;;
23100838334;Sandália Feminina Lesma Rasteira Com Tira No Tornozelo;;
23300100934;Sandália Feminina Anabela Salto Cortiça Tiras Simples;;
23300119734;Sandália Feminina Anabela Salto Cortiça Tiras Sim simples;;
23300146834;Sandália Feminina Anabela Salto Cortiça Tiras Simples;;
23300200934;Sandália Feminina Preta Estilo Anabela Tira De Laço23300219734Sandália Feminina Off White Estilo Anabela Tira De Laço;;
23300238334;Sandália Feminina Dourada Estilo Anabela Tira De Laço;;
23300300934;Sandália Feminina Com Salto Anabela E Bico Amendoado;;
23300319734;Sandália Feminina Com Salto Anabela E Bico Amendoado;;
23300319834;Sandália Feminina Com Salto Anabela E Bico Amendoado;;
23300400934;Sandália Feminina Salto Anabela Tira Laço No Tornozelo;;
23300419734;Sandália Feminina Salto Anabela Tira Laço No Tornozelo;;
23300446934;Sandália Feminina Salto Anabela Tira Laço No Tornozelo;;
23300500934;Sandália Feminina Preta Salto Anabela Tira De Strass23300519734Sandália Feminina Off White Salto Anabela Tira De Strass;;
23300600934;Sandália Anabela Com Detalhe Em Palha E Tira De Strass;;
23300604134;Sandália Anabela Com Detalhe Em Palha E Tira De Strass;;
23300619734;Sandália Anabela Com Detalhe Em Palha E Tira De Strass;;
23300769034;Sandália Feminina Preta Anabela Fechada Estilo Palha;;
23300769134;Sandália Feminina Caramelo Anabela Fechada Estilo Palha;;
23300769234;Sandália Feminina Vermelha Anabela Fechada Estilo Palha;;
23300769334;Sandália Feminina Bege Anabela Fechada Estilo Palha;;
23300813234;Sandália Feminina Preta Anabela Casual Traseira Fechada;;
23300819134;Sandália Feminina Anabela Casual Traseira Fechada23300919734Sandália Anabela Tiras Com Tachas e Fivela Dourada;;
23300919734;Sandália Anabela Tiras Com Tachas e Fivela Dourada;;
23700100934;Bota Over Preta Camurça Stretch Bico Fino Salto Alto Vazado Cromado;;
23900512134;Tênis Off White Feminino Street Urbano Cano Baixo Sola Alta Detalhes Rosa;;
24700100934;Sandália Feminina Preta Anabela Com Tachas Salto Plataforma Madeira;;
24700101934;Sandália Feminina Caramelo Anabela Com Tachas Salto Plataforma Madeira;;
25700128634;Rasteira Feminina Prata Slide Tira Unica Larga Bico Quadrado;;
25700138334;Rasteira Feminina Dourada Slide Tira Larga Bico Quadrado;;
25700172634;Rasteira Feminina Slide Bege Tira Larga Bico Quadrado;;
25700172734;Rasteira Feminina Preta Slide Tira Unica Larga Bico Quadrado;;
25700270934;Rasteirinha Caramelo Flat De Dedo Laço Metalizado Plana Bico Quadrado;;
25700271134;Rasteirinha Marrom Flat De Dedo Laço Metalizado Plana Bico Quadrado;;
25700274634;Rasteirinha Off White Flat De Dedo Laço Metalizado Plana Bico Quadrado;;
25700370934;Rasteira Gladiadora Caramelo Tiras Finas Com Tachas Metalizado Dourado;;
25700371034;Rasteira Gladiadora Preta Tiras Finas Com Tachas Metalizado Dourado;;
25700374634;Rasteira Gladiadora Off White Tiras Finas Com Tachas Metalizado Dourado;;
25700438334;Rasteirinha Dourada Flat De Dedo Tiras Strass Plana Bico Quadrado;;
25700470934;Rasteirinha Caramelo Flat De Dedo Tiras Strass Plana Bico Quadrado;;
25700471034;Rasteirinha Preta Flat De Dedo Tiras Strass Plana Bico Quadrado;;
25700474634;Rasteirinha Off White Flat De Dedo Tiras Strass Plana Bico Quadrado;;
25700671034;Rasteirinha Slingback Flat Preta Pedrarias Brilho Bico Quadrado;;
25700674634;Rasteirinha Slingback Off White Flat Pedrarias Brilho Bico Quadrado;;
25700770934;Sandália Feminina Rasteira Pedrarias Metalizado Tira No Tornozelo Caramelo;;
25700771034;Sandália Feminina Rasteira Pedrarias Metalizado Tira No Tornozelo Preta;;
30000517528;Sapatilha Feminina Infantil Preta Tiras Duplas Com Fivela;;
30000542328;Sapatilha Menina Infantil Vermelha Tiras Duplas Com Fivela;;
30000713128;Sapatilha Menina Infantil Branca Laço Com Strass Bico Redondo;;
30000717528;Sapatilha Menina Infantil Preta Laço Com Strass Bico Redondo;;
30000738328;Sapatilha Menina Infantil Dourada Laço Com Strass Bico Redondo;;
30000768028;Sapatilha Menina Infantil Rose Laço Com Strass Bico Redondo;;
30000819728;Sapatilha Menina Infantil Off White Biqueira Verniz e Laço;;
30000820128;Sapatilha Menina Infantil Rosa Biqueira Verniz e Laço;;
30000838328;Sapatilha Menina Infantil Dourada Biqueira Verniz e Laço;;
30000850128;Sapatilha Menina Infantil Preta Biqueira Verniz e Laço;;
31000128628;Sapatilha Menina Infantil Prata Tira No Tornozelo Bico Fino;;
31000138328;Sapatilha Menina Infantil Dourada Tira No Tornozelo Bico Fino;;
31000150128;Sapatilha Menina Infantil Preta Tira No Tornozelo Bico Fino;;
31000217528;Sapatilha Infantil Menina Estilo Boneca Bico Fino Preta;;
31000238328;Sapatilha Infantil Menina Estilo Boneca Bico Fino Dourada;;
31000242328;Sapatilha Infantil Menina Estilo Boneca Bico Fino Vermelha;;
31000268028;Sapatilha Infantil Menina Estilo Boneca Bico Fino Rose;;
31000420128;Sapatilha Rosa Menina Infantil Bico Fino E Laço De Strass;;
31000438328;Sapatilha Dourada Menina Infantil Bico Fino E Laço De Strass;;
31000450128;Sapatilha Preta Menina Infantil Bico Fino E Laço De Strass;;
31000519728;Sapatilha Infantil Off White Bico Fino E Tachas Cromadas;;
31000550128;Sapatilha Infantil Preta Bico Fino E Tachas Cromadas31000617528Sapatilha Menina Infantil Preta Slingback Laço Delicado;;
31000638328;Sapatilha Menina Infantil Dourada Slingback Laço Delicado;;
31000668028;Sapatilha Menina Infantil Rose Slingback Laço Delicado;;
32000238320;Sapatilha Infantil Dourado Menina Bico Redondo Tira De Strass;;
32000267120;Sapatilha Infantil Prata Menina Bico Redondo Tira De Strass;;
32000269420;Sapatilha Infantil Rose Menina Bico Redondo Tira De Strass;;
32000419520;Sapatilha Infantil Preta Estilo Boneca Tachas Brilhantes;;
32000419720;Sapatilha Infantil Off White Estilo Boneca Tachas Brilhantes;;
32000438320;Sapatilha Infantil Dourada Estilo Boneca Tachas Brilhantes;;
32000767820;Sapatilha Infantil Preta Estilo Boneca Spikes E Tira Ajustável;;
32000768220;Sapatilha Infantil Prata Estilo Boneca Spikes E Tira Ajustável;;
32000768320;Sapatilha Infantil Rose Estilo Boneca Spikes E Tira Ajustável;;
32000917520;Sapatilha Preta Infantil Menina Estilo Boneca Tira Com Laço;;
32000923120;Sapatilha Off White Infantil Menina Estilo Boneca Tira Com Laço;;
32000938320;Sapatilha Dourada Infantil Menina Estilo Boneca Tira Com Laço;;
32000942320;Sapatilha Vermelha Infantil Menina Estilo Boneca Tira Com Laço;;
32001019720;Sapatilha Off White Menina Infantil Biqueira E Laço Fashion;;
32001020120;Sapatilha Rosa Menina Infantil Biqueira E Laço Fashion;;
32001038320;Sapatilha Dourada Menina Infantil Biqueira E Laço Fashion;;
32001050120;Sapatilha Preta Menina Infantil Biqueira E Laço Fashion;;
6419919528;Rasteirinha Sandália Feminina Infantil Strass Brilhante Fivela Preto;;
6419919628;Rasteirinha Sandália Feminina Infantil Strass Brilhante Fivela Branco;;
6419920128;Rasteirinha Sandália Feminina Infantil Strass Brilhante Fivela Nude;;
6420019528;Rasteirinha Feminina Sandália Infantil Peep Toe Com Ziper Spikes Preto;;
6420317528;Rasteirinha Feminina Sandália Infantil Bico Quadrado Pérola;;
6420323128;Rasteirinha Feminina Sandália Infantil Bico Quadrado Pérola Off White;;
6420323428;Rasteirinha Feminina Sandália Infantil Bico Quadrado Pérola Rosa Shock;;
6420328728;Rasteirinha Feminina Sandália Infantil Bico Quadrado Pérola Cobre;;
6421023428;Rasteirinha Feminina Sandália Infantil Corrente Verniz Rosa;;
6421024528;Rasteirinha Feminina Sandália Infantil Corrente Verniz Verde;;
6421617528;Rasteirinha Sandália Feminina Infantil Verniz Tiras De Strass;;
6421620328;Rasteirinha Sandália Feminina Infantil Verniz Tiras De Strass;;
6421628128;Rasteirinha Sandália Feminina Infantil Verniz Tiras De Strass;;
6421628628;Rasteirinha Sandália Feminina Infantil Verniz Tiras De Strass;;
6422219728;Rasteira Infantil Off White Bico Quadrado Laço De Strass;;
6422238328;Rasteira Infantil Dourada Bico Quadrado Laço De Strass;;
6422250128;Rasteira Infantil Preta Bico Quadrado Laço De Strass6422319528Rasteirinha Infantil Preta Tiras Cruzadas De Strass6422319728Rasteirinha Infantil Off White Tiras Cruzadas De Strass;;
6422320128;Rasteirinha Infantil Rosa Tiras Cruzadas De Strass6710619728Sandália Anabela Infantil Off White Tiras Em Nó Com Strass;;
6805103328;Sandália salto infantil tiras laço Ouro Light6805104128Sandália salto infantil tiras laço6808633728Sandália Feminina Infantil Salto Tira Brilhante Bico Quadrado;;
6808637528;Sandália Feminina Infantil Salto Tira Brilhante Bico Quadrado;;
6808733628;Sandália Feminina Salto Infantil Verniz Laço Brilhante Strass;;
6808733728;Sandália Feminina Salto Infantil Verniz Laço Brilhante Strass;;
6808737628;Sandália Feminina Salto Infantil Verniz Laço Brilhante Strass;;
6808817228;Sandália Feminina Infantil Saltinho Baixo Com Strass Confort Preto;;
6808818128;Sandália Feminina Infantil Saltinho Baixo Com Strass Confort Rosa;;
6808828728;Sandália Feminina Infantil Saltinho Baixo Com Strass Confort Cobre;;
6808919728;Sandália Feminina Infantil De Tiras Saltinho Baixo Pérolas Off White;;
6808920328;Sandália Feminina Infantil De Tiras Saltinho Baixo Pérolas 68.89 Rosa;;
6808935128;Sandália Feminina Infantil De Tiras Saltinho Baixo Pérolas Colorido;;
6809017228;Sandália Infantil Feminina Saltinho Baixo De Verniz Laço Strass 68.90 Preto;;
6809334528;Sandália Feminina Infantil De Vinil Saltinho Baixo Verniz Preto;;
6809334728;Sandália Feminina Infantil De Vinil Saltinho Baixo Verniz Rosa;;
6809337028;Sandália Feminina Infantil De Vinil Saltinho Baixo Verniz Branco;;
6810019528;Sandália Feminina Salto Infantil Tiras Strass Detalhe Pérolas;;
6810038328;Sandália Feminina Salto Infantil Tiras Strass Detalhe Pérolas;;
6810117528;Sandália Feminina Infantil Tiras Com Strass Salto Curto Bloco;;
6810128628;Sandália Feminina Infantil Tiras Com Strass Salto Curto Bloco;;
6810138328;Sandália Feminina Infantil Tiras Com Strass Salto Curto Bloco;;
6810417528;Sandália Feminina Salto Infantil Laço De Strass Brilhante;;
6810438328;Sandália Feminina Salto Infantil Laço De Strass Brilhante;;
6810517528;Sandália Feminina Salto Infantil Verniz Tiras Strass Nó Brilho;;
6810528728;Sandália Feminina Salto Infantil Verniz Tiras Strass Nó Brilho;;
6810717528;Sandália Infantil Preta Salto Baixo Tira Laço de Strass6810738328Sandália Infantil Dourada Salo Baixo Tira Laço de Strass;;
6810768028;Sandália Infantil Rosa Salto Baixo Tira Laço de Strass6810819728Sandália Infantil Off White Salto Bloco De Strass Tira Laço;;
6810838328;Sandália Infantil Dourado Salto Bloco De Strass Tira Laço;;
6810869528;Sandália Infantil Preto Salto Bloco De Strass Tira Laço;;
6811119528;Sandália Infantil Preto Tiras De Strass Salto Confortável;;
6811128728;Sandália Infantil Cobre Tiras De Strass Salto Confortável;;
6811138328;Sandália Infantil Dourada Tiras De Strass Salto Confortável;;
7800117528;Sandália Tratorada Feminina Infantil Papete Verniz Bico Quadrado;;
7800140128;Sandália Tratorada Feminina Infantil Papete Verniz Bico Quadrado;;
7800619528;Sandália Feminina Infantil Tratatorada Papete Com Spikes;;
7800619728;Sandália Feminina Infantil Tratatorada Papete Com Spikes;;
7800819528;Sandália Feminina Infantil Tratorada Papete Tiras Com Joias;;
7800819728;Sandália Feminina Infantil Tratorada Papete Tiras Com Joias;;
7801019528;Sandália Feminina Tratorada Infantil Papete Tiras De Strass;;
7801019728;Sandália Feminina Tratorada Infantil Papete Tiras De Strass;;
7801319728;Sandália Infantil Off White Salto Tratorado Tira De Strass;;
7801369528;Sandália Infantil Preta Salto Tratorado Tira De Strass7801619728Sandália Infantil Off White Salto Tratorado Tiras Cruzadas;;
7801669528;Sandália Infantil Preta Salto Tratorado Tiras Cruzadas8800450128Rasteirinha Fashion Preta Infantil Tiras Duplas De Strass;;
8800467128;Rasteirinha Fashion Infantil Prata Tiras Duplas De Strass;;
8800469428;Rasteirinha Fashion Infantil Rose Tiras Duplas De Strass;;
8800528728;Sandália Rasteira Bronze Fashion Infantil Laço De Strass;;
8800538328;Sandália Rasteira Dourada Fashion Infantil Laço De Strass;;
8800550128;Sandália Rasteira Preta Fashion Infantil Laço De Strass;;
90000100900;Bolsa Feminina Preta Domidona Mini Bag Pequena com Corrente Dourada;;
90000112100;Bolsa Feminina Off White Domidona Mini Bag Pequena com Corrente Dourada;;
90000200900;Bolsa Tote Bag Feminina Preta Domidona Grande Alça Dupla Detalhes Dourados;;
90000201900;Bolsa Tote Bag Feminina Caramelo Domidona Grande Alça Dupla Detalhes Dourados;;
90000300900;Bolsa Tiracolo Feminina Preta Domidona Média Retrô Chic Alça Ajustável;;
90000371100;Bolsa Tiracolo Feminina Marrom Domidona Média Retrô Chic Alça Ajustável;;
90000400900;Bolsa Feminina Preta Domidona Tiracolo Metalizada Corrente Alça Ajustável;;
90000401300;Bolsa Feminina Dourada Domidona Tiracolo Metalizada Corrente Alça Ajustável;;
90000500900;Mochila Feminina Domidona Preta Minimalista Grande Alças ajustáveis;;
90000501900;Mochila Feminina Domidona Caramelo Minimalista Grande Alças ajustáveis;;
90000600900;Bolsa Feminina Preta Domidona Hobo Média Detalhe Corrente Metalizada;;
90000828600;Bolsa Nécessaire Prata Brilho Metalizado Feminina Média Viagem Moderna;;
90000838300;Bolsa Nécessaire Dourada Brilho Metalizado Feminina Média Viagem Glamour;;
90000872600;Bolsa Nécessaire Bege Trama Natural Feminina Média Viagem Toque Artesanal;;
90000872700;Bolsa Nécessaire Preta Trama Natural Feminina Média Viagem Toque Artesanal;;
9915417528;Bota Feminina Infantil Cano Alto Montaria Tratorada Verniz Moda Preta;;
9915465728;Bota Feminina Infantil Cano Alto Montaria Tratorada Verniz Moda Rosa;;
9915600928;Bota Feminina Infantil Cano Alto Montaria tratorada Com Ziper Da Moda;;
uniformeddcs-eg;Camiseta Camisa Casual Unissex Domidona Azuluniformemfbl-egCamiseta Camisa Casual Unissex Menina Fashion Babylook Rosa;;
uniformemfcs-eg;Camiseta Camisa Casual Unissex Menina Fashion Rosa;;
